codigo_super_cias,codigo_sri,nombre_cuenta,nombre_sri,depreciacion
1,,ACTIVO,,
101,,ACTIVO CORRIENTE,,
10101,,EFECTIVO Y EQUIVALENTES DE EFECTIVO,,
1010101,311,CAJA,Efectivo y equivalentes al efectivo,
1010102,311,INSTITUCIONES FINANCIERAS PÚBLICAS,Efectivo y equivalentes al efectivo,
1010103,311,INSTITUCIONES FINANCIERAS PRIVADAS,Efectivo y equivalentes al efectivo,
10102,,ACTIVOS FINANCIEROS,,
1010201,,ACTIVOS FINANCIEROS A VALOR RAZONABLE CON CAMBIOS EN RESULTADOS,,
101020101,,RENTA VARIABLE,,
10102010101,330,ACCIONES Y PARTICIPACIONES,A valor razonable,
10102010102,330,CUOTAS DE FONDOS COLECTIVOS,A valor razonable,
10102010103,330,VALORES DE  TITULARIZACIÓN DE PARTICIPACIÓN,A valor razonable,
10102010104,330,UNIDADES DE PARTICIPACIÓN,A valor razonable,
10102010105,330,INVERSIONES EN EL EXTERIOR,A valor razonable,
10102010106,330,OTROS,A valor razonable,
101020102,,RENTA FIJA,,
10102010201,330,AVALES,A valor razonable,
10102010202,330,BONOS DEL ESTADO,A valor razonable,
10102010203,330,BONOS DE PRENDA,A valor razonable,
10102010204,330,CÉDULAS HIPOTECARIAS,A valor razonable,
10102010205,330,CERTIFICADOS FINANCIEROS,A valor razonable,
10102010206,330,CERTIFICADOS DE INVERSIÓN,A valor razonable,
10102010207,330,CERTIFICADOS DE TESORERÍA,A valor razonable,
10102010208,330,CERTIFICADOS DE DEPÓSITO,A valor razonable,
10102010209,330,CUPONES,A valor razonable,
10102010210,330,DEPÓSITOS A PLAZO,A valor razonable,
10102010211,330,LETRAS DE CAMBIO,A valor razonable,
10102010212,330,NOTAS DE CRÉDITO,A valor razonable,
10102010213,330,OBLIGACIONES,A valor razonable,
10102010214,330,FACTURAS COMERCIALES NEGOCIABLES,A valor razonable,
10102010215,330,OVERNIGHTS,A valor razonable,
10102010216,330,OBLIGACIONES CONVERTIBLES EN ACCIONES,A valor razonable,
10102010217,330,PAPEL COMERCIAL,A valor razonable,
10102010218,330,PAGARÉS,A valor razonable,
10102010219,330,PÓLIZAS DE ACUMULACIÓN,A valor razonable,
10102010220,330,TÍTULOS DEL BANCO CENTRAL,A valor razonable,
10102010221,330,VALORES DE TITULARIZACIÓN,A valor razonable,
10102010222,330,INVERSIONES EN EL EXTERIOR,A valor razonable,
10102010223,330,OTROS,A valor razonable,
101020103,,DERIVADOS,,
10102010301,330,FORWARD,A valor razonable,
10102010302,330,FUTUROS,A valor razonable,
10102010303,330,OPCIONES,A valor razonable,
10102010304,330,OTROS,A valor razonable,
1010202,,ACTIVOS FINANCIEROS A VALOR RAZONABLE CON CAMBIOS EN OTRO RESULTADO INTEGRAL,,
101020201,,RENTA VARIABLE,,
10102020101,330,ACCIONES Y PARTICIPACIONES,A valor razonable,
10102020102,330,CUOTAS DE FONDOS COLECTIVOS,A valor razonable,
10102020103,330,UNIDADES DE PARTICIPACIÓN,A valor razonable,
10102020104,330,VALORES DE  TITULARIZACIÓN DE PARTICIPACIÓN,A valor razonable,
10102020105,330,INVERSIONES EN EL EXTERIOR,A valor razonable,
10102020106,330,OTROS,A valor razonable,
101020202,,RENTA FIJA,,
10102020201,330,AVALES,A valor razonable,
10102020202,330,BONOS DEL ESTADO,A valor razonable,
10102020203,330,BONOS DE PRENDA,A valor razonable,
10102020204,330,CÉDULAS HIPOTECARIAS,A valor razonable,
10102020205,330,CERTIFICADOS FINANCIEROS,A valor razonable,
10102020206,330,CERTIFICADOS DE INVERSIÓN,A valor razonable,
10102020207,330,CERTIFICADOS DE TESORERÍA,A valor razonable,
10102020208,330,CERTIFICADOS DE DEPÓSITO,A valor razonable,
10102020209,330,CUPONES,A valor razonable,
10102020210,330,DEPÓSITOS A PLAZO,A valor razonable,
10102020211,330,LETRAS DE CAMBIO,A valor razonable,
10102020212,330,NOTAS DE CRÉDITO,A valor razonable,
10102020213,330,OBLIGACIONES,A valor razonable,
10102020214,330,FACTURAS COMERCIALES NEGOCIABLES,A valor razonable,
10102020215,330,OVERNIGHTS,A valor razonable,
10102020216,330,OBLIGACIONES CONVERTIBLES EN ACCIONES,A valor razonable,
10102020217,330,PAPEL COMERCIAL,A valor razonable,
10102020218,330,PAGARÉS,A valor razonable,
10102020219,330,PÓLIZAS DE ACUMULACIÓN,A valor razonable,
10102020220,330,TÍTULOS DEL BANCO CENTRAL,A valor razonable,
10102020221,330,VALORES DE TITULARIZACIÓN,A valor razonable,
10102020222,330,INVERSIONES EN EL EXTERIOR,A valor razonable,
10102020223,330,OTROS,A valor razonable,
1010203,,ACTIVOS FINANCIEROS AL COSTO AMORTIZADO,,
101020302,,RENTA FIJA,,
10102030201,328,AVALES,A costo amortizado,
10102030202,328,BONOS DEL ESTADO,A costo amortizado,
10102030203,328,BONOS DE PRENDA,A costo amortizado,
10102030204,328,CÉDULAS HIPOTECARIAS,A costo amortizado,
10102030205,328,CERTIFICADOS FINANCIEROS,A costo amortizado,
10102030206,328,CERTIFICADOS DE INVERSIÓN,A costo amortizado,
10102030207,328,CERTIFICADOS DE TESORERÍA,A costo amortizado,
10102030208,328,CERTIFICADOS DE DEPÓSITO,A costo amortizado,
10102030209,328,CUPONES,A costo amortizado,
10102030210,328,DEPÓSITOS A PLAZO,A costo amortizado,
10102030211,328,LETRAS DE CAMBIO,A costo amortizado,
10102030212,328,NOTAS DE CRÉDITO,A costo amortizado,
10102030213,328,OBLIGACIONES,A costo amortizado,
10102030214,328,FACTURAS COMERCIALES NEGOCIABLES,A costo amortizado,
10102030215,328,OVERNIGHTS,A costo amortizado,
10102030216,328,OBLIGACIONES CONVERTIBLES EN ACCIONES,A costo amortizado,
10102030217,328,PAPEL COMERCIAL,A costo amortizado,
10102030218,328,PAGARÉS,A costo amortizado,
10102030219,328,PÓLIZAS DE ACUMULACIÓN,A costo amortizado,
10102030220,328,TÍTULOS DEL BANCO CENTRAL,A costo amortizado,
10102030221,328,VALORES DE TITULARIZACIÓN,A costo amortizado,
10102030222,328,INVERSIONES EN EL EXTERIOR,A costo amortizado,
10102030223,328,OTROS,,
1010204,,PROVISIÓN POR DETERIORO DE ACTIVOS FINANCIEROS,,
101020401,329,ACTIVOS FINANCIEROS A VALOR RAZONABLE CON CAMBIOS EN RESULTADOS,(-) Deterioro acumulado del valor  de otros activos financieros corrientes medidos a costo amortizado  (provisiones para créditos incobrables),
101020402,329,ACTIVOS FINANCIEROS AL COSTO AMORTIZADO,(-) Deterioro acumulado del valor  de otros activos financieros corrientes medidos a costo amortizado  (provisiones para créditos incobrables),
101020403,329,ACTIVOS FINANCIEROS A VALOR RAZONABLE CON CAMBIOS EN OTRO RESULTADO INTEGRAL,(-) Deterioro acumulado del valor  de otros activos financieros corrientes medidos a costo amortizado  (provisiones para créditos incobrables),
1010205,,DEUDORES COMERCIALES Y OTRAS CUENTAS POR COBRAR NO RELACIONADOS,,
101020501,,DE ACTIVIDADES ORDINARIAS QUE GENEREN INTERESES,,
10102050101,315,CUENTAS Y DOCUMENTOS A COBRAR  A CLIENTES,Locales,
10102050101,316,CUENTAS Y DOCUMENTOS A COBRAR  A CLIENTES,Del exterior,
10102050102,322,CUENTAS Y DOCUMENTOS A COBRAR  A TERCEROS,Locales,
10102050102,323,CUENTAS Y DOCUMENTOS A COBRAR  A TERCEROS,Del exterior,
101020502,,DE ACTIVIDADES ORDINARIAS QUE NO GENEREN INTERESES,,
10102050201,315,CUENTAS Y DOCUMENTOS A COBRAR  A CLIENTES,Locales,
10102050201,316,CUENTAS Y DOCUMENTOS A COBRAR  A CLIENTES,Del exterior,
10102050202,322,CUENTAS Y DOCUMENTOS A COBRAR  A TERCEROS,Locales,
10102050202,323,CUENTAS Y DOCUMENTOS A COBRAR  A TERCEROS,Del exterior,
10102050203,325,CUENTAS POR COBRAR AL ORIGINADOR,Locales,
10102050204,325,COMISIONES POR OPERACIONES  BURSÁTILES,Locales,
10102050207,325,CONTRATO DE UNDERWRITING,Locales,
10102050208,325,POR  ADMINISTRACIÓN Y MANEJO DE PORTAFOLIOS DE TERCEROS,Locales,
10102050209,325,POR ADMINISTRACIÓN Y MANEJO DE FONDOS ADMINISTRADOS,Locales,
10102050210,325,POR ADMINISTRACIÓN Y MANEJO DE NEGOCIOS FIDUCIARIOS,Locales,
10102050211,325,POR CUSTODIA Y CONSERVACIÓN DE VALORES MATERIALIZADOS,Locales,
10102050212,325,POR CUSTODIA Y CONSERVACIÓN DE VALORES DESMATERIALIZADOS,Locales,
10102050213,325,POR MANEJO DE LIBRO DE ACCIONES Y ACCIONISTAS,Locales,
10102050214,325,POR ASESORÍA,Locales,
10102050215,320,DIVIDENDOS POR COBRAR,En efectivo,
10102050216,325,INTERESES POR COBRAR,Locales,
10102050217,325,DEUDORES POR INTERMEDIACIÓN DE VALORES,Locales,
10102050218,325,ANTICIPO A COMITENTES,Locales,
10102050219,325,ANTICIPO A CONSTRUCTOR POR AVANCE DE OBRA,Locales,
10102050220,325,DERECHOS POR COMPROMISO DE RECOMPRA,Locales,
10102050221,325,OTRAS CUENTAS POR COBRAR NO RELACIONADAS,Locales,
10102050221,326,OTRAS CUENTAS POR COBRAR NO RELACIONADAS,Locales,
1010206,,DOCUMENTOS Y CUENTAS POR COBRAR RELACIONADOS,,
101020601,318,POR COBRAR A ACCIONISTAS,Locales,
101020602,318,POR COBRAR A COMPAÑÍAS RELACIONADAS,Locales,
101020603,312,POR COBRAR A CLIENTES,Locales,
101020603,313,POR COBRAR A CLIENTES,Del exterior,
101020604,322,OTRAS CUENTAS POR COBRAR RELACIONADAS,,
1010207,317,PROVISIÓN POR CUENTAS INCOBRABLES Y DETERIORO,(-) Deterioro acumulado del valor de cuentas y documentos por cobrar comerciales por incobrabilidad (provisiones para créditos incobrables),
10103,,INVENTARIOS,,
1010301,340,INVENTARIOS DE MATERIA PRIMA,Inventario de materia prima (no para la construcción),
1010302,341,INVENTARIOS DE PRODUCTOS EN PROCESO,Inventario de productos en proceso (excluyendo obras/inmuebles en construcción para la venta),
1010303,343,INVENTARIOS DE SUMINISTROS O MATERIALES A SER CONSUMIDOS EN EL PROCESO DE PRODUCCION,"Inventario de suministros, herramientas, repuestos y materiales (no para la construcción)",
1010304,343,INVENTARIOS DE SUMINISTROS O MATERIALES A SER CONSUMIDOS EN LA PRESTACION DEL SERVICIO,"Inventario de suministros, herramientas, repuestos y materiales (no para la construcción)",
1010305,342,INVENTARIOS DE PROD. TERM. Y MERCAD. EN ALMACÉN - PRODUCIDO POR LA COMPAÑÍA,Inventario de prod. term. y mercad. en almacén (excluyendo obras/inmuebles  terminados para la venta),
1010306,342,INVENTARIOS DE PROD. TERM. Y MERCAD. EN ALMACÉN - COMPRADO A  TERCEROS,Inventario de prod. term. y mercad. en almacén (excluyendo obras/inmuebles  terminados para la venta),
1010307,339,MERCADERÍAS EN TRÁNSITO,Mercaderías en tránsito,
1010308,345,OBRAS EN CONSTRUCCION,Inventario de obras/inmuebles en construcción para la venta,
1010309,346,OBRAS TERMINADAS,Inventario de obras/inmuebles terminados para la venta,
1010310,344,MATERIALES O BIENES PARA LA CONSTRUCCION,"Inventario de materia prima, suministros y materiales para la construcción",
1010311,343,"INVENTARIOS REPUESTOS, HERRAMIENTAS Y ACCESORIOS","Inventario de suministros, herramientas, repuestos y materiales (no para la construcción)",
1010312,343,OTROS INVENTARIOS,"Inventario de suministros, herramientas, repuestos y materiales (no para la construcción)",
1010313,347,(-) PROVISIÓN POR VALOR NETO DE REALIZACIÓN Y OTRAS PERDIDAS EN INVENTARIO,(-) Deterioro acumulado del valor de inventarios por ajuste al valor neto realizable,
10104,,SERVICIOS Y OTROS PAGOS ANTICIPADOS,,
1010401,358,SEGUROS PAGADOS POR ANTICIPADO,Primas de seguro pagadas por anticipado,
1010402,357,ARRIENDOS PAGADOS POR ANTICIPADO,Arrendamientos operativos pagados por anticipado,
1010403,359,ANTICIPOS A PROVEEDORES,Otros,
1010404,359,OTROS ANTICIPOS ENTREGADOS,Otros,
10105,,ACTIVOS POR IMPUESTOS CORRIENTES,,
1010501,336,CRÉDITO TRIBUTARIO A FAVOR DE LA EMPRESA (IVA),Crédito tributario a favor del sujeto pasivo (IVA),
1010502,337,CRÉDITO TRIBUTARIO A FAVOR DE LA EMPRESA ( I. R.),Crédito tributario a favor del sujeto pasivo (Impuesto a la Renta),
1010503,337,ANTICIPO DE IMPUESTO A LA RENTA,Crédito tributario a favor del sujeto pasivo (Impuesto a la Renta),
10106,348,ACTIVOS CORRIENTES MANTENIDOS PARA LA VENTA Y OPERACIONES DISCONTINUADAS,Costo,
10106,349,ACTIVOS CORRIENTES MANTENIDOS PARA LA VENTA Y OPERACIONES DISCONTINUADAS,(-) Deterioro acumulado del valor de activos no corrientes mantenidos para la venta,
10107,333,CONSTRUCCIONES EN PROCESO (NIC 11 Y SECC.23 PYMES),Relacionadas,
10107,334,CONSTRUCCIONES EN PROCESO (NIC 11 Y SECC.23 PYMES),No relacionadas,
10108,335,OTROS ACTIVOS CORRIENTES,Crédito tributario a favor del sujeto pasivo (ISD),
10108,360,OTROS ACTIVOS CORRIENTES,Otros Activos Corrientes,
102,,ACTIVOS NO CORRIENTES,,
10201,,"PROPIEDAD, PLANTA Y EQUIPO",,
1020101,362,TERRENOS,Costo histórico antes de reexpresiones o revaluaciones,
1020101,363,TERRENOS,Ajuste acumulado por reexpresiones o revaluaciones,
1020102,364,EDIFICIOS,Costo histórico antes de reexpresiones o revaluaciones,
1020102,365,EDIFICIOS,Ajuste acumulado por reexpresiones o revaluaciones,
1020103,372,CONSTRUCCIONES EN CURSO,Construcciones en Curso y Otros Activos en Tránsito,
1020104,368,INSTALACIONES,Costo histórico antes de reexpresiones o revaluaciones,
1020105,373,MUEBLES Y ENSERES,Muebles y enseres,
1020106,368,MAQUINARIA Y EQUIPO,Costo histórico antes de reexpresiones o revaluaciones,
1020106,369,MAQUINARIA Y EQUIPO,Ajuste acumulado por reexpresiones o revaluaciones,
1020107,366,"NAVES, AEREONAVES, BARCAZAS Y SIMILARES",Costo histórico antes de reexpresiones o revaluaciones,
1020107,367,"NAVES, AEREONAVES, BARCAZAS Y SIMILARES",Ajuste acumulado por reexpresiones o revaluaciones,
1020108,374,EQUIPO DE COMPUTACIÓN,Equipo de Computación,
1020109,375,"VEHÍCULOS, EQUIPOS DE TRASPORTE Y EQUIPO CAMINERO MÓVIL","Vehículos, Equipo de Transporte y Caminero Móvil",
1020110,383,"OTROS PROPIEDADES, PLANTA Y EQUIPO","Otras Propiedades, Planta y Equipo",
1020111,383,REPUESTOS Y HERRAMIENTAS,"Otras Propiedades, Planta y Equipo",
1020112,384,"(-) DEPRECIACIÓN ACUMULADA PROPIEDADES, PLANTA Y EQUIPO",Del costo histórico antes de reexpresiones o revaluaciones,
1020112,385,"(-) DEPRECIACIÓN ACUMULADA PROPIEDADES, PLANTA Y EQUIPO",Del ajuste acumulado por reexpresiones o revaluaciones,
1020113,386,"(-) DETERIORO  ACUMULADO DE PROPIEDADES, PLANTA Y EQUIPO","(-) Deterioro acumulado del valor de propiedades, planta y equipo",
1020114,,ACTIVOS DE EXPLORACION Y EXPLOTACION,,
102011401,408,ACTIVOS DE EXPLORACION Y EXPLOTACION,Tangibles,
102011401,409,ACTIVOS DE EXPLORACION Y EXPLOTACION,Intangibles,
102011402,410,(-) AMORTIZACION ACUMULADA DE ACTIVOS DE EXPLORACIÓN Y EXPLOTACIÓN,"(-) Depreciación / amortización acumulada de activos para exploración, evaluación y explotación",
102011403,411,(-) DETERIORO  ACUMULADO DE ACTIVOS DE EXPLORACIÓN Y EXPLOTACIÓN,"(-) Deterioro acumulado del valor de activos para exploración, evaluación y explotación",
10202,,PROPIEDADES DE INVERSIÓN,,
1020201,,TERRENOS,,
102020101,394,TERRENOS,A costo,
102020101,395,TERRENOS,A valor razonable,
102020102,,DERECHOS DE USO SOBRE TERRENOS SUBARRENDADOS,,
1020202,,EDIFICIOS,,
102020201,396,EDIFICIOS,A costo,
102020201,397,EDIFICIOS,A valor razonable,
102020202,,DERECHOS DE USO SOBRE EDIFICIOS SUBARRENDADOS,,
1020203,398,(-) DEPRECIACION ACUMULADA DE PROPIEDADES DE INVERSIÓN,(-) Depreciación Acumulada de Propiedades de Inversión,
1020204,399,(-) DETERIORO ACUMULADO DE PROPIEDADES DE INVERSIÓN,(-) Deterioro Acumulado del Valor de Propiedades de Inversión,
10203,,ACTIVOS BIOLOGICOS,,
1020301,404,ANIMALES VIVOS EN CRECIMIENTO,A costo,
1020302,407,ANIMALES VIVOS EN PRODUCCION,A valor razonable menos los costos de venta,
1020303,400,PLANTAS EN CRECIMIENTO,A costo,
1020304,403,PLANTAS EN PRODUCCION,A valor razonable menos los costos de venta,
1020305,401,(-) DEPRECIACION ACUMULADA DE ACTIVOS BIOLÓGICOS,(-) Depreciación acumulada de activos biológicos medidos a costo Plantas,
1020305,405,(-) DEPRECIACION ACUMULADA DE ACTIVOS BIOLÓGICOS,(-) Depreciación acumulada de activos biológicos medidos a costo Animales Vivos,
1020306,402,(-) DETERIORO ACUMULADO DE ACTIVOS BIOLOGÍCOS,(-) Deterioro acumulado del valor de activos biológicos medidos a costo ´Plantas,
1020306,406,(-) DETERIORO ACUMULADO DE ACTIVOS BIOLOGÍCOS,(-) Deterioro acumulado del valor de activos biológicos medidos a costo Animales Vivos,
10204,,ACTIVO INTANGIBLE,,
1020401,387,PLUSVALÍAS,Plusvalía o goodwill (derecho de llave),
1020402,388,"MARCAS, PATENTES, DERECHOS DE LLAVE , CUOTAS PATRIMONIALES Y OTROS SIMILARES","Marcas, patentes, licencias y otros similares",
1020403,390,CONCESIONES Y LICENCIAS,Derechos en acuerdos de concesión,
1020404,,ACTIVOS DE EXPLORACION Y EXPLOTACION,,
1020405,392,(-) AMORTIZACIÓN ACUMULADA DE ACTIVOS INTANGIBLE,(-) Amortización acumulada de activos intangibles,
1020406,393,(-) DETERIORO ACUMULADO DE ACTIVO INTANGIBLE,(-) Deterioro acumulado de activos intangibles,
1020407,389,OTROS INTANGIBLES,Adecuaciones y mejoras en bienes arrendados mediante arrendamiento operativo,
1020407,391,OTROS INTANGIBLES,Otros,
10205,440,ACTIVOS POR IMPUESTOS DIFERIDOS,Por diferencias temporarias,
10205,441,ACTIVOS POR IMPUESTOS DIFERIDOS,Por pérdidas tributarias sujetas a amortización en periodos siguientes,
10205,442,ACTIVOS POR IMPUESTOS DIFERIDOS,Crédito tributario a favor del sujeto pasivo (ISD),
10205,443,ACTIVOS POR IMPUESTOS DIFERIDOS,Crédito tributario a favor del sujeto pasivo (Impuesto a la Renta),
10206,,ACTIVOS FINANCIEROS NO CORRIENTES,,
1020601,437,ACTIVOS FINANCIEROS A VALOR RAZONABLE CON CAMBIOS EN OTRO RESULTADO INTEGRAL,A valor razonable,
1020602,436,"(-) PROVISION POR DETERIORO DE ACTIVOS FINANCIEROS A VALOR RAZONABLE CON CAMBIOS EN OTRO
RESULTADO INTEGRAL",(-) Deterioro acumulado del valor  de otros activos financieros no corrientes medidos a costo amortizado (provisiones para créditos incobrables),
1020603,435,ACTIVOS FINANCIEROS A COSTO AMORTIZADO,A costo amortizado,
1020604,436,(-) PROVISIÓN POR DETERIORO DE ACTIVOS FINANCIEROS A COSTO AMORTIZADO,(-) Deterioro acumulado del valor  de otros activos financieros no corrientes medidos a costo amortizado (provisiones para créditos incobrables),
1020605,437,ACTIVOS FINANCIEROS A VALOR RAZONABLE CON CAMBIOS EN RESULTADOS,A valor razonable,
1020606,436,(-)PROVISIÓN POR DETERIORO DE ACTIVOS FINANCIEROS A VALOR RAZONABLE CON CAMBIOS EN RESULTADOS,(-) Deterioro acumulado del valor  de otros activos financieros no corrientes medidos a costo amortizado (provisiones para créditos incobrables),
10207,,DERECHO DE USO POR ACTIVOS ARRENDADOS,,
1020701,491,(-) DEPRECIACIÓN ACUMULADA DE ACTIVOS PROVENIENTES POR DERECHOS DE USO,(-) Amortización acumulada de derechos de uso por activos arrendados,
1020702,393,(-) DETERIORO ACUMULADO DE ACTIVOS PROVENIENTES POR DERECHOS DE USO,(-) Deterioro acumulado de activos intangibles,
1020703,490,DERECHO DE USO POR ACTIVOS ARRENDADOS,Derechos de uso por activos arrendados,
10208,,OTROS ACTIVOS NO CORRIENTES,,
1020801,437,DERECHOS FIDUCIARIOS,A valor razonable,
1020802,437,DEPÓSITOS EN GARANTÍA,A valor razonable,
1020803,437,DEPÓSITOS EN GARANTÍA POR OPERACIONES BURSÁTILES,A valor razonable,
1020805,437,ACCIONES DEL DEPÓSITO CENTRALIZADO DE VALORES,A valor razonable,
1020806,412,INVERSIONES SUBSIDIARIAS,Costo,
1020806,413,INVERSIONES SUBSIDIARIAS,Ajuste acumulado por aplicación del método de la participación (valor patrimonial proporcional),
1020807,414,INVERSIONES ASOCIADAS,Costo,
1020807,415,INVERSIONES ASOCIADAS,Ajuste acumulado por aplicación del método de la participación (valor patrimonial proporcional),
1020808,416,INVERSIONES NEGOCIOS CONJUNTOS,Costo,
1020808,417,INVERSIONES NEGOCIOS CONJUNTOS,Ajuste acumulado por aplicación del método de la participación (valor patrimonial proporcional),
1020809,418,OTRAS INVERSIONES,"Otros Derechos Representativos de Capital en Sociedades que no son Subsidiarias, ni Asociadas, ni Negocios Conjuntos",
1020810,419,(-) PROVISIÓN VALUACIÓN DE INVERSIONES,(-) Deterioro Acumulado del Valor de Inversiones no Corrientes,
1020811,445,OTROS ACTIVOS NO CORRIENTES,Otros Activos No Corrientes,
10209,,DOCUMENTOS Y CUENTAS POR COBRAR NO RELACIONADOS,,
1020901,423,CUENTAS Y DOCUMENTOS A COBRAR  A CLIENTES,Locales,
1020901,424,CUENTAS Y DOCUMENTOS A COBRAR  A CLIENTES,Del exterior,
1020902,432,CUENTAS Y DOCUMENTOS A COBRAR  A TERCEROS,Locales,
1020902,433,CUENTAS Y DOCUMENTOS A COBRAR  A TERCEROS,Del exterior,
1020903,432,OTRAS CUENTAS POR COBRAR NO RELACIONADAS,Locales,
10210,,DOCUMENTOS Y CUENTAS POR COBRAR RELACIONADOS,,
1021001,426,POR COBRAR A ACCIONISTAS,Locales,
1021001,427,POR COBRAR A ACCIONISTAS,Del exterior,
1021002,429,POR COBRAR A COMPAÑÍAS RELACIONADAS,Locales,
1021002,430,POR COBRAR A COMPAÑÍAS RELACIONADAS,Del exterior,
1021003,420,POR COBRAR A CLIENTES,Locales,
1021003,421,POR COBRAR A CLIENTES,Del exterior,
1021004,429,OTRAS CUENTAS POR COBRAR RELACIONADAS,Locales,
2,,PASIVO,,
201,,PASIVO CORRIENTE,,
20101,530,PASIVOS FINANCIEROS A VALOR RAZONABLE CON CAMBIOS EN RESULTADOS,A valor razonable,
20102,531,PASIVOS POR CONTRATOS DE ARRENDAMIENTO,Porción Corriente de Arrendamientos Financieros Por Pagar,
20102,593,PASIVOS POR CONTRATOS DE ARRENDAMIENTO,Pasivo corriente por arrendamiento,
20103,,CUENTAS Y DOCUMENTOS POR PAGAR,,
2010301,,LOCALES,,
201030101,527,PRÉSTAMOS,Crédito A Mutuo,
201030102,511,PROVEEDORES,Locales Relacionados,
201030102,513,PROVEEDORES,Locales No  Relacionados,
201030103,521,OTRAS,Locales,
2010302,,DEL EXTERIOR,,
201030201,527,PRÉSTAMOS,Crédito A Mutuo,
201030202,512,PROVEEDORES,Del exterior Relacionados,
201030202,514,PROVEEDORES,Del exterior No  Relacionados,
201030203,522,OTRAS,Del exterior,
20104,,OBLIGACIONES CON INSTITUCIONES FINANCIERAS,,
2010401,525,LOCALES,Locales,
2010402,526,DEL EXTERIOR,Del exterior,
20105,,PROVISIONES,,
2010501,537,LOCALES,Por garantías,
2010501,538,LOCALES,Por desmantelamiento,
2010501,539,LOCALES,Por contratos onerosos,
2010501,540,LOCALES,Por reestructuraciones de negocios,
2010501,541,LOCALES,Por reembolsos a clientes,
2010501,542,LOCALES,Por litigios,
2010501,543,LOCALES,Por pasivos contingentes asumidos en una combinación de negocios,
2010501,544,LOCALES,Otras,
2010502,537,DEL EXTERIOR,Por garantías,
2010502,538,DEL EXTERIOR,Por desmantelamiento,
2010502,539,DEL EXTERIOR,Por contratos onerosos,
2010502,540,DEL EXTERIOR,Por reestructuraciones de negocios,
2010502,541,DEL EXTERIOR,Por reembolsos a clientes,
2010502,542,DEL EXTERIOR,Por litigios,
2010502,543,DEL EXTERIOR,Por pasivos contingentes asumidos en una combinación de negocios,
2010502,544,DEL EXTERIOR,Otras,
20106,,PORCIÓN CORRIENTE DE VALORES EMITIDOS,,
2010601,528,OBLIGACIONES,Porción Corriente de Obligaciones Emitidas,
2010602,528,PAPEL COMERCIAL,Porción Corriente de Obligaciones Emitidas,
2010603,528,VALORES DE TITULARIZACIÓN,Porción Corriente de Obligaciones Emitidas,
2010604,528,OTROS,Porción Corriente de Obligaciones Emitidas,
2010605,528,INTERESES POR PAGAR,Porción Corriente de Obligaciones Emitidas,
20107,,OTRAS OBLIGACIONES CORRIENTES,,
2010701,549,CON LA ADMINISTRACIÓN TRIBUTARIA,Otros,
2010702,532,IMPUESTO A LA RENTA POR PAGAR DEL EJERCICIO,Impuesto A La Renta Por Pagar Del Ejercicio,
2010703,534,CON EL IESS,Obligaciones con el IESS,
2010704,536,POR BENEFICIOS DE LEY A EMPLEADOS,Otros Pasivos Corrientes Por Beneficios a Empleados,
2010705,533,PARTICIPACIÓN TRABAJADORES POR PAGAR DEL EJERCICIO,Participación trabajadores por pagar del ejercicio,
2010706,517,DIVIDENDOS POR PAGAR,En efectivo,
2010706,518,DIVIDENDOS POR PAGAR,En activos diferentes del efectivo,
2010707,549,OTROS,Otros,
20108,,CUENTAS POR PAGAR A RELACIONADAS,,
2010801,,LOCALES,,
201080101,515,PRÉSTAMOS DE ACCIONISTAS,Locales,
201080102,519,PRÉSTAMOS DE COMPAÑÍAS RELACIONADAS,Locales,
201080103,511,PROVEEDORES,Locales,
201080104,519,OTROS,Locales,
2010802,,DEL EXTERIOR,,
201080201,516,PRÉSTAMOS DE ACCIONISTAS,Del exterior,
201080202,520,PRÉSTAMOS DE COMPAÑÍAS RELACIONADAS,Del exterior,
201080203,512,PROVEEDORES,Del exterior,
201080204,520,OTROS,Del exterior,
20109,529,OTROS PASIVOS FINANCIEROS,A costo amortizado,
20109,530,OTROS PASIVOS FINANCIEROS,A valor razonable,
20110,,ANTICIPOS,,
2011001,545,ANTICIPOS DE CLIENTES,Anticipos de clientes,
2011002,546,OTROS ANTICIPOS RECIBIDOS,Subvenciones del Gobierno,
2011002,547,OTROS ANTICIPOS RECIBIDOS,Otros,
20111,549,PASIVOS DIRECTAMENTE ASOCIADOS CON LOS ACTIVOS NO CORRIENTES Y OPERACIONES DISCONTINUADAS,Otros,
20112,,PORCION CORRIENTE DE PROVISIONES POR BENEFICIOS A EMPLEADOS,,
2011201,535,JUBILACION PATRONAL,Jubilación Patronal,
2011202,536,OTROS BENEFICIOS PARA LOS EMPLEADOS,Otros Pasivos Corrientes Por Beneficios a Empleados,
20113,,OTROS PASIVOS CORRIENTES,,
2011301,549,COMISIONES POR PAGAR,Otros,
2011302,549,POR OPERACIONES BURSÁTILES,Otros,
2011303,549,POR CUSTODIA,Otros,
2011304,549,POR ADMINISTRACIÓN,Otros,
2011305,549,OTRAS COMISIONES,Otros,
2011306,549,SANCIONES Y MULTAS,Otros,
2011307,549,INDEMNIZACIONES,Otros,
2011308,549,OBLIGACIONES JUDICIALES,Otros,
2011309,549,ACREEDORES POR INTERMEDIACIÓN,Otros,
2011310,549,OBLIGACIÓN POR COMPROMISO DE RECOMPRA,Otros,
2011311,549,POR CONTRATOS DE UNDERWRITING,Otros,
2011312,549,OTROS,Otros,
20114,529,PASIVOS FINANCIEROS AL COSTO AMORTIZADO,A costo amortizado,
202,,PASIVO NO CORRIENTE,,
20201,571,PASIVOS POR CONTRATOS DE ARRENDAMIENTO,Porción no corriente de arrendamientos financieros por pagar,
20201,594,PASIVOS POR CONTRATOS DE ARRENDAMIENTO,Pasivo no corriente por arrendamiento,
20202,,CUENTAS Y DOCUMENTOS POR PAGAR,,
2020201,,LOCALES,,
202020101,567,PRÉSTAMOS,Crédito a mutuo,
202020102,553,PROVEEDORES,Locales Relacionados,
202020102,555,PROVEEDORES,Locales No  Relacionados,
202020103,561,OTRAS,Locales,
2020202,,DEL EXTERIOR,,
202020201,567,PRÉSTAMOS,Crédito a mutuo,
202020202,554,PROVEEDORES,Del exterior Relacionados,
202020202,556,PROVEEDORES,Del exterior No  Relacionados,
202020203,562,OTRAS,Del exterior,
20203,,OBLIGACIONES CON INSTITUCIONES FINANCIERAS,,
2020301,563,LOCALES,Locales Relacionados,
2020301,565,LOCALES,Locales No  Relacionados,
2020302,564,DEL EXTERIOR,Del exterior Relacionados,
2020302,566,DEL EXTERIOR,Del exterior No  Relacionados,
20204,,CUENTAS POR PAGAR A RELACIONADAS,,
2020401,,LOCALES,,
202040101,557,PRÉSTAMOS DE ACCIONISTAS,Locales,
202040102,559,PRÉSTAMOS DE COMPAÑÍAS RELACIONADAS,Locales,
202040103,553,PROVEEDORES,Locales,
202040104,559,OTROS,Locales,
2020402,,DEL EXTERIOR,,
202040201,558,PRÉSTAMOS DE ACCIONISTAS,Del exterior,
202040202,560,PRÉSTAMOS DE COMPAÑÍAS RELACIONADAS,Del exterior,
202040203,554,PROVEEDORES,Del exterior,
202040204,560,OTROS,Del exterior,
20205,,PORCIÓN NO CORRIENTE DE VALORES EMITIDOS,,
2020501,568,OBLIGACIONES,Porción no corriente de obligaciones emitidas,
2020502,568,PAPEL COMERCIAL,Porción no corriente de obligaciones emitidas,
2020503,568,VALORES DE TITULARIZACIÓN,Porción no corriente de obligaciones emitidas,
2020504,568,OTROS,Porción no corriente de obligaciones emitidas,
2020505,568,INTERESES POR PAGAR,Porción no corriente de obligaciones emitidas,
20206,,ANTICIPOS,,
2020601,584,ANTICIPOS DE CLIENTES,Anticipos de clientes,
2020602,585,OTROS ANTICIPOS RECIBIDOS,Subvenciones del gobierno,
2020602,586,OTROS ANTICIPOS RECIBIDOS,Otros,
20207,,PROVISIONES POR BENEFICIOS A EMPLEADOS,,
2020701,573,JUBILACION PATRONAL,Jubilación Patronal,
2020702,574,OTROS BENEFICIOS NO CORRIENTES PARA LOS EMPLEADOS,Desahucio,
2020702,575,OTROS BENEFICIOS NO CORRIENTES PARA LOS EMPLEADOS,Otros Pasivos No Corrientes Por Beneficios A Empleados,
20208,576,OTRAS PROVISIONES,Por garantías,
20208,577,OTRAS PROVISIONES,Por desmantelamiento,
20208,578,OTRAS PROVISIONES,Por contratos onerosos,
20208,579,OTRAS PROVISIONES,Por reestructuraciones de negocios,
20208,580,OTRAS PROVISIONES,Por reembolsos a clientes,
20208,581,OTRAS PROVISIONES,Por litigios,
20208,582,OTRAS PROVISIONES,Por pasivos contingentes asumidos en una combinación de negocios,
20208,583,OTRAS PROVISIONES,Otras,
20209,,PASIVO DIFERIDO,,
2020901,584,INGRESOS DIFERIDOS,Anticipos de clientes,
2020902,572,PASIVOS POR IMPUESTOS DIFERIDOS,Pasivo por Impuesto a la Renta diferido,
20210,588,OTROS PASIVOS NO CORRIENTES,Otros,
3,,PATRIMONIO NETO,,
30,,PATRIMONIO NETO ATRIBUIBLE A LOS PROPIETARIOS DE LA CONTROLADORA,,
301,,CAPITAL,,
30101,601,CAPITAL SUSCRITO O  ASIGNADO,Capital Suscrito y/o Asignado,
30102,602,"(-) CAPITAL SUSCRITO NO PAGADO, ACCIONES EN TESORERÍA","(-) Capital Suscrito No Pagado, Acciones en Tesorería",
30103,,FONDO PATRIMONIAL,,
30104,,PATRIMONIO DE LOS NEGOCIOS FIDUCIARIOS,,
30105,,PATRIMONIO DE LOS FONDOS DE INVERSIÓN,,
3010501,,PATRIMONIO DEL FONDO ADMINISTRADO,,
3010502,,PATRIMONIO DEL FONDO COLECTIVO,,
302,603,APORTES DE SOCIOS O ACCIONISTAS PARA FUTURA CAPITALIZACIÓN,"Aportes de Socios, Accionistas, Partícipes, Fundadores, Constituyentes, Beneficiarios U Otros Titulares De Derechos Representativos De Capital Para Futura Capitalización",
303,,PRIMA POR EMISIÓN PRIMARIA DE ACCIONES,,
304,,RESERVAS,,
30401,604,RESERVA LEGAL,Reserva legal,
30402,605,RESERVAS FACULTATIVA Y ESTATUTARIA,Reserva facultativa,
305,,OTROS RESULTADOS INTEGRALES,,
30501,621,SUPERAVIT DE ACTIVOS FINANCIEROS A VALOR RAZONABLE CON CAMBIOS EN OTRO RESULTADO INTEGRAL,Ganancias y pérdidas acumuladas por inversiones en instrumentos de patrimonio medidos a valor razonable con cambios en otro resultado integral,
30502,618,"SUPERAVIT POR REVALUACIÓN DE PROPIEDADES, PLANTA Y EQUIPO","Propiedades, Planta y Equipo",
30503,619,SUPERAVIT POR REVALUACION DE ACTIVOS INTANGIBLES,Activos intangibles,
30504,625,OTROS SUPERAVIT POR REVALUACION,Otros,
306,,RESULTADOS ACUMULADOS,,
30601,611,GANANCIAS ACUMULADAS,Utilidades acumuladas de ejercicios anteriores,
30601,623,GANANCIAS ACUMULADAS,Ganancias y pérdidas actuariales acumuladas,
30602,612,(-) PÉRDIDAS ACUMULADAS,(-) Pérdidas acumuladas de ejercicios anteriores,
30603,614,RESULTADOS ACUMULADOS PROVENIENTES DE LA ADOPCION POR PRIMERA VEZ DE LAS NIIF,Resultados acumulados por adopción por primera vez de las NIIF,
30604,607,RESERVA DE CAPITAL,Reserva de capital,
30605,608,RESERVA POR DONACIONES,Reserva por donaciones,
30606,609,RESERVA POR VALUACIÓN,Reserva por valuación (procedente de la aplicación de normas ecuatorianas de contabilidad - NEC),
30607,610,SUPERÁVIT POR REVALUACIÓN DE INVERSIONES,Superávit por revaluación de inversiones (procedente de la aplicación de normas ecuatorianas de contabilidad - NEC),
307,,RESULTADOS DEL EJERCICIO,,
30701,615,GANANCIA NETA DEL PERIODO,Utilidad del ejercicio,
30702,616,(-) PÉRDIDA NETA DEL PERIODO,Pérdida del ejercicio,
31,,PARTICIPACIÓN CONTROLADORA,,
ESTADO DE RESULTADOS INTEGRAL,,,,
401,,INGRESOS DE ACTIVIDADES ORDINARIAS,,
40101,6001,VENTA DE BIENES,Gravadas con tarifa diferente de 0% de IVA,
40101,6003,VENTA DE BIENES,Gravadas con tarifa 0% de iva o exentas de IVA,
40101,6009,VENTA DE BIENES,Exportaciones de Bienes,
40102,,PRESTACION DE SERVICIOS,,
4010201,6005,INGRESOS POR ASESORÍA,Gravadas con tarifa diferente de 0% de IVA,
4010201,6007,INGRESOS POR ASESORÍA,Gravadas con tarifa 0% de iva o exentas de IVA,
4010201,6011,INGRESOS POR ASESORÍA,Exportaciones de Servicios,
4010203,6251,INGRESOS POR ESTRUCTURACIÓN DE OFERTA PÚBLICA DE VALORES,Prestación de servicios de operaciones de inversión en nombre de terceros,
4010204,6015,OTROS,Obtenidos bajo la modalidad de comisiones o similares (relaciones de agencia),
4010204,6017,OTROS,Obtenidos por arrendamientos operativos,
40103,6013,CONTRATOS DE CONSTRUCCION,Por prestación de servicios de construcción,
40104,6039,SUBVENCIONES DEL GOBIERNO,Ingresos devengados por subvenciones del gobierno y otras ayudas gubernamentales,
40105,6019,REGALÍAS,Relacionadas,
40105,6021,REGALÍAS,No Relacionadas,
40106,,INTERESES,,
4010601,6129,INTERESES GENERADOS POR VENTAS A CREDITO,Otros,
4010602,6129,INTERESES Y RENDIMIENTOS FINANCIEROS,Otros,
4010603,6129,OTROS INTERESES GENERADOS,Otros,
40107,6023,DIVIDENDOS,Procedentes de sociedades residentes o establecidas en Ecuador,
40107,6025,DIVIDENDOS,Procedentes de sociedades no residentes ni establecidas en Ecuador,
40108,6027,GANANCIA POR MEDICION A VALOR RAZONABLE  DE ACTIVOS BIOLOGICOS,Ganancias netas por mediciones de activos biológicos a valor razonable menos costos de venta,
40109,,"INGRESOS POR COMISIONES, PRESTACIÓN DE SERVICIOS, CUSTODIA, REGISTRO, COMPENSACIÓN Y LIQUIDACIÓN",,
4010901,,COMISIONES GANADAS POR INTERMEDIACIÓN DE VALORES,,
401090101,6261,POR OPERACIONES BURSATILES,"Por actividades de inversión, reinversión o de negociación de activos financieros (si la sociedad es administrada por una Institución Financiera)",
401090103,6261,POR CONTRATOS DE UNDERWRITING,"Por actividades de inversión, reinversión o de negociación de activos financieros (si la sociedad es administrada por una Institución Financiera)",
401090104,6261,POR COMISIÓN EN OPERACIONES,"Por actividades de inversión, reinversión o de negociación de activos financieros (si la sociedad es administrada por una Institución Financiera)",
401090105,6261,POR INSCRIPCIONES,"Por actividades de inversión, reinversión o de negociación de activos financieros (si la sociedad es administrada por una Institución Financiera)",
401090106,6261,POR MANTENIMIENTO DE INSCRIPCIÓN,"Por actividades de inversión, reinversión o de negociación de activos financieros (si la sociedad es administrada por una Institución Financiera)",
4010902,,POR PRESTACIÓN DE SERVICIOS DE ADMINISTRACIÓN Y MANEJO,,
401090201,6261,PORTAFOLIO DE TERCEROS,"Por actividades de inversión, reinversión o de negociación de activos financieros (si la sociedad es administrada por una Institución Financiera)",
401090202,6261,FONDOS ADMINISTRADOS,"Por actividades de inversión, reinversión o de negociación de activos financieros (si la sociedad es administrada por una Institución Financiera)",
401090203,6261,FONDOS COLECTIVOS,"Por actividades de inversión, reinversión o de negociación de activos financieros (si la sociedad es administrada por una Institución Financiera)",
401090204,6261,TITULARIZACIÓN,"Por actividades de inversión, reinversión o de negociación de activos financieros (si la sociedad es administrada por una Institución Financiera)",
401090205,6261,FIDEICOMISOS MERCANTILES,"Por actividades de inversión, reinversión o de negociación de activos financieros (si la sociedad es administrada por una Institución Financiera)",
401090206,6261,ENCARGOS FIDUCIARIOS,"Por actividades de inversión, reinversión o de negociación de activos financieros (si la sociedad es administrada por una Institución Financiera)",
401090207,6261,POR CALIFICACION DE RIESGO,"Por actividades de inversión, reinversión o de negociación de activos financieros (si la sociedad es administrada por una Institución Financiera)",
401090208,6261,POR REPRESENTACION DE OBLIGACIONISTAS,"Por actividades de inversión, reinversión o de negociación de activos financieros (si la sociedad es administrada por una Institución Financiera)",
4010903,,"CUSTODIA, REGISTRO, COMPENSACIÓN Y LIQUIDACIÓN",,
401090301,6125,CUSTODIA VALORES MATERIALIZADOS,Prestación de servicios de custodia de activos financieros,
401090302,6125,CUSTODIA VALORES DESMATERIALIZADOS,Prestación de servicios de custodia de activos financieros,
401090303,6125,COMPENSACIÓN Y LIQUIDACIÓN DE VALORES,Prestación de servicios de custodia de activos financieros,
401090304,6125,OTROS,Prestación de servicios de custodia de activos financieros,
40110,,INGRESOS  FINANCIEROS,,
4011001,6023,DIVIDENDOS,Procedentes de sociedades residentes o establecidas en Ecuador,
4011002,6111,INTERESES FINANCIEROS,Local,INTERESES CON INSTITUCIONES FINANCIERAS -RELACIONADAS
4011002,6113,INTERESES FINANCIEROS,Del exterior,
4011002,6115,INTERESES FINANCIEROS,Local,INTERESES CON INSTITUCIONES FINANCIERAS - NO RELACIONADAS
4011002,6117,INTERESES FINANCIEROS,Del exterior,
4011002,6119,INTERESES FINANCIEROS,Local,INTERESES DEVENGADOS CON TERCEROS -RELACIONADOS
4011002,6121,INTERESES FINANCIEROS,Del exterior,
4011002,6123,INTERESES FINANCIEROS,Local,INTERESES DEVENGADOS CON TERCEROS -NO RELACIONADOS
4011002,6125,INTERESES FINANCIEROS,Del exterior,
4011003,6131,GANANCIA EN INVERSIONES EN ASOCIADAS / SUBSIDIARIAS Y OTRAS,Ganancias por medición de inversiones en asociadas y negocios conjuntos al método de la participación (valor patrimonial proporcional),
4011004,6031,VALUACION DE INSTRUMENTOS FINANCIEROS A VALOR RAZONABLE CON CAMBIO EN RESULTADOS,Ganancias netas por medición de instrumentos financieros a valor razonable,
4011005,6133,GANANCIA EN VENTA DE TITULOS VALORES,Otros,
4011006,6095,OTROS INGRESOS  FINANCIEROS,Local,ARRENDAMIENTO MERCANTIL-RELACIONADOS
4011006,6097,OTROS INGRESOS  FINANCIEROS,Del exterior,
4011006,6099,OTROS INGRESOS  FINANCIEROS,Local,ARRENDAMIENTO MERCANTIL-  NO RELACIONADOS
4011006,6101,OTROS INGRESOS  FINANCIEROS,Del exterior,
40112,6001,(-) DESCUENTO EN VENTAS,Gravadas con tarifa diferente de 0% de IVA,
40112,6003,(-) DESCUENTO EN VENTAS,Gravadas con tarifa 0% de iva o exentas de IVA,
40113,6001,(-) DEVOLUCIONES EN VENTAS,Gravadas con tarifa diferente de 0% de IVA,
40113,6003,(-) DEVOLUCIONES EN VENTAS,Gravadas con tarifa 0% de iva o exentas de IVA,
40114,6001,(-) BONIFICACIÓN EN PRODUCTO,Gravadas con tarifa diferente de 0% de IVA,
40114,6003,(-) BONIFICACIÓN EN PRODUCTO,Gravadas con tarifa 0% de iva o exentas de IVA,
40115,6001,(-) OTRAS REBAJAS COMERCIALES,Gravadas con tarifa diferente de 0% de IVA,
40115,6003,(-) OTRAS REBAJAS COMERCIALES,Gravadas con tarifa 0% de iva o exentas de IVA,
40116,6033,UTILIDAD EN CAMBIO,Ganancias netas por diferencias de cambios,
402,,GANANCIA BRUTA,,
403,,OTROS INGRESOS,,
40301,6035,"GANANCIA EN VENTA DE PROPIEDAD, PLANTA Y EQUIPO","Utilidad en venta de propiedades, planta y equipo",
40302,,GANANCIA EN VENTA DE ACTIVOS BIOLÓGICOS,,
40303,6029,OTROS,Ganancias netas por medición de propiedades de inversión a valor razonable,
40303,6037,OTROS,Utilidad en la enajenación de derechos representativos de capital,
40303,6041,OTROS,De activos financieros (reversión de provisiones para créditos incobrables),GANANCIAS NETAS POR REVERSIONES DE DETERIORO EN EL VALOR
40303,6043,OTROS,De inventarios,
40303,6045,OTROS,De activos no corrientes mantenidos para la venta,
40303,6047,OTROS,De activos biológicos,
40303,6049,OTROS,"De propiedades, planta y equipo",
40303,6051,OTROS,De activos intangibles,
40303,6053,OTROS,De propiedades de inversión,
40303,6055,OTROS,"De activos de exploración, evaluación y explotación de recursos minerales",
40303,6057,OTROS,De inversiones no corrientes,
40303,6059,OTROS,Otras,
40303,6061,OTROS,Por garantías,GANANCIAS NETAS POR REVERSIONES DE PROVISIONES
40303,6063,OTROS,Por desmantelamientos,
40303,6065,OTROS,Por contratos onerosos,
40303,6067,OTROS,Por reestructuraciones de negocios,
40303,6069,OTROS,Por reembolsos a clientes,
40303,6071,OTROS,Por litigios,
40303,6073,OTROS,Por pasivos contingentes asumidos en una combinación de negocios,
40303,6075,OTROS,Otras,
40303,6077,OTROS,Jubilación patronal y desahucio,GANANCIAS NETAS POR REVERSIONES DE PASIVOS POR BENEFICIOS A LOS EMPLEADOS
40303,6079,OTROS,Otros,
40303,6081,OTROS,De recursos públicos,RENTAS NETAS PROVENIENTES DE DONACIONES Y APORTACIONES (PARA USO DE INSTITUCIONES DE CARÁCTER PRIVADOS SIN FINES DE LUCRO)
40303,6083,OTROS,De otras locales,
40303,6085,OTROS,Del exterior,
40303,6087,OTROS,Por lucro cesante,POR REEMBOLSOS DE SEGUROS
40303,6089,OTROS,Otros,POR REEMBOLSOS DE SEGUROS
40303,6091,OTROS,Provenientes del exterior,
40303,6093,OTROS,Otros,OTROS INGRESOS
40303,6127,OTROS,Intereses implícitos devengados por acuerdos que constituyen efectivamente una transacción financiera o cobro diferido,
40303,6133,OTROS,Otros,
501,,COSTO DE VENTAS Y PRODUCCIÓN,,
50101,,MATERIALES UTILIZADOS O PRODUCTOS VENDIDOS,,
5010101,7001,(+) INVENTARIO INICIAL DE BIENES NO PRODUCIDOS POR LA COMPAÑIA,Inventario inicial de bienes no producidos por el sujeto pasivo,
5010102,7004,(+) COMPRAS NETAS LOCALES DE BIENES NO PRODUCIDOS POR LA COMPAÑIA,Compras netas locales de bienes no producidos por el sujeto pasivo,
5010103,7007,(+) IMPORTACIONES DE BIENES NO PRODUCIDOS POR LA COMPAÑIA,Importaciones de bienes no producidos por el sujeto pasivo,
5010104,7010,(-) INVENTARIO FINAL DE BIENES NO PRODUCIDOS POR LA COMPAÑIA,(-) Inventario final de bienes no producidos por el sujeto pasivo,
5010105,7013,(+) INVENTARIO INICIAL DE MATERIA PRIMA,Inventario inicial de materia prima,
5010106,7016,(+) COMPRAS NETAS LOCALES DE MATERIA PRIMA,Compras netas locales de materia prima,
5010107,7019,(+) IMPORTACIONES DE MATERIA PRIMA,Importaciones de materia prima,
5010108,7022,(-) INVENTARIO FINAL DE MATERIA PRIMA,(-) Inventario final de materia prima,
5010109,7025,(+) INVENTARIO INICIAL DE PRODUCTOS EN PROCESO,Inventario inicial de productos en proceso,
5010110,7028,(-) INVENTARIO FINAL DE PRODUCTOS EN PROCESO,(-) Inventario final de productos en proceso,
5010111,7031,(+) INVENTARIO INICIAL PRODUCTOS TERMINADOS,Inventario inicial productos terminados,
5010112,7034,(-) INVENTARIO FINAL DE PRODUCTOS TERMINADOS,(-) Inventario final de productos terminados,
50102,,(+) MANO DE OBRA DIRECTA,,
5010201,7040,SUELDOS Y BENEFICIOS SOCIALES,"Sueldos, salarios y demás remuneraciones que constituyen materia gravada del iess",
5010201,7043,SUELDOS Y BENEFICIOS SOCIALES,"Beneficios sociales, indemnizaciones y otras remuneraciones que no constituyen materia gravada del IESS",
5010201,7046,SUELDOS Y BENEFICIOS SOCIALES,Aporte a la seguridad social (incluye fondo de reserva),
5010202,7055,GASTOS PLANES DE BENEFICIOS A EMPLEADOS,Jubilación patronal,
5010202,7058,GASTOS PLANES DE BENEFICIOS A EMPLEADOS,Desahucio,
5010408,7061,OTROS COSTOS DE PRODUCCIÓN,Otros,
50103,,(+) MANO DE OBRA INDIRECTA,,
5010301,7040,SUELDOS Y BENEFICIOS SOCIALES,"Sueldos, salarios y demás remuneraciones que constituyen materia gravada del iess",
5010301,7043,SUELDOS Y BENEFICIOS SOCIALES,"Beneficios sociales, indemnizaciones y otras remuneraciones que no constituyen materia gravada del IESS",
5010301,7046,SUELDOS Y BENEFICIOS SOCIALES,Aporte a la seguridad social (incluye fondo de reserva),
5010302,7055,GASTO PLANES DE BENEFICIOS A EMPLEADOS,Jubilación patronal,
5010302,7058,GASTO PLANES DE BENEFICIOS A EMPLEADOS,Desahucio,
50104,,(+) OTROS COSTOS INDIRECTOS DE FABRICACION,,
5010401,7064,"DEPRECIACIÓN PROPIEDADES, PLANTA Y EQUIPO",Acelerada,
5010401,7067,"DEPRECIACIÓN PROPIEDADES, PLANTA Y EQUIPO",No acelerada,
5010401,7076,"DEPRECIACIÓN PROPIEDADES, PLANTA Y EQUIPO","Propiedades, planta y equipo Revaluado",
5010402,7139,DETERIORO O PERDIDAS DE ACTIVOS BIOLOGICOS,Otras,
5010403,7124,"DETERIORO DE PROPIEDAD, PLANTA Y EQUIPO","De propiedades, planta y equipo",
5010404,7247,EFECTO VALOR NETO DE REALIZACION DE INVENTARIOS,Otros,
5010405,7247,GASTO POR GARANTIAS EN VENTA DE PRODUCTOS O SERVICIOS,Otros,
5010406,7196,MANTENIMIENTO Y REPARACIONES,Mantenimiento y reparaciones,
5010407,7190,SUMINISTROS MATERIALES Y REPUESTOS,"Suministros, herramientas, materiales y repuestos",
5010408,7037,OTROS COSTOS DE PRODUCCIÓN,(+ / -) Ajustes,
5010408,7049,OTROS COSTOS DE PRODUCCIÓN,Honorarios profesionales y dietas,
5010408,7052,OTROS COSTOS DE PRODUCCIÓN,Honorarios y otros pagos a no residentes por servicios ocasionales,
5010408,7070,OTROS COSTOS DE PRODUCCIÓN,Del costo histórico de propiedades de inversión,
5010408,7079,OTROS COSTOS DE PRODUCCIÓN,Propiedades de inversión,
5010408,7073,OTROS COSTOS DE PRODUCCIÓN,"Del costo histórico de activos para exploración, evaluación y explotación de recursos minerales",
5010408,7082,OTROS COSTOS DE PRODUCCIÓN,"Activos para exploración, evaluación y explotación de recursos minerales",
5010408,7088,OTROS COSTOS DE PRODUCCIÓN,De Activos Biológicos,
5010408,7094,OTROS COSTOS DE PRODUCCIÓN,Del costo histórico de Activos Intangibles,
5010408,7100,OTROS COSTOS DE PRODUCCIÓN,Revaluacion Activos intangibles,
5010408,7097,OTROS COSTOS DE PRODUCCIÓN,Del costo histórico de activos para la exploración evaluación y explotación de recursos minerales,
5010408,7103,OTROS COSTOS DE PRODUCCIÓN,Activos para la exploración. Evaluación y explotación de recursos minerales,
|,7115,OTROS COSTOS DE PRODUCCIÓN,De inventarios,PÉRDIDAS NETAS POR DETERIORO EN EL VALOR
5010408,7127,OTROS COSTOS DE PRODUCCIÓN,De activos intangibles,
5010408,7142,OTROS COSTOS DE PRODUCCIÓN,Por garantías,GASTOS DE PROVISIONES
5010408,7145,OTROS COSTOS DE PRODUCCIÓN,Por desmantelamientos,
5010408,7160,OTROS COSTOS DE PRODUCCIÓN,Por pasivos contingentes asumidos en una combinación de negocios,
5010408,7163,OTROS COSTOS DE PRODUCCIÓN,Otros,
5010408,7166,OTROS COSTOS DE PRODUCCIÓN,Relacionadas,PÉRDIDA EN VENTA DE ACTIVOS FIJOS
5010408,7169,OTROS COSTOS DE PRODUCCIÓN,No relacionadas,PÉRDIDA EN VENTA DE ACTIVOS FIJOS
5010408,7178,OTROS COSTOS DE PRODUCCIÓN,Consumo de combustibles y lubricantes,
5010408,7190,OTROS COSTOS DE PRODUCCIÓN,"Suministros, herramientas, materiales y repuestos",
5010408,7199,OTROS COSTOS DE PRODUCCIÓN,Mermas,
5010408,7202,OTROS COSTOS DE PRODUCCIÓN,Seguros y reaseguros (primas y cesiones),
5010408,7205,OTROS COSTOS DE PRODUCCIÓN,Gastos indirectos asignados desde el exterior por partes relacionadas,
5010408,7208,OTROS COSTOS DE PRODUCCIÓN,"Impuestos, contribuciones y otros",
5010408,7211,OTROS COSTOS DE PRODUCCIÓN,Local,COMISIONES Y SIMILARES (DIFERENTES DE LAS COMISIONES POR OPERACIONES FINANCIERAS)
5010408,7214,OTROS COSTOS DE PRODUCCIÓN,Del exterior,RELACIONADAS
5010408,7218,OTROS COSTOS DE PRODUCCIÓN,Local,NO RELACIONADAS
5010408,7221,OTROS COSTOS DE PRODUCCIÓN,Del exterior,NO RELACIONADAS
5010408,7223,OTROS COSTOS DE PRODUCCIÓN,Local,"OPERACIONES DE REGALÍAS, SERVICIOS TÉCNICOS. ADMINISTRATIVOS, DE CONSULTARÍA Y SIMILARES"
5010408,7226,OTROS COSTOS DE PRODUCCIÓN,Del exterior,RELACIONADAS
5010408,7229,OTROS COSTOS DE PRODUCCIÓN,Local,NO RELACIONADAS
5010408,7232,OTROS COSTOS DE PRODUCCIÓN,Del exterior,NO RELACIONADAS
5010408,7235,OTROS COSTOS DE PRODUCCIÓN,"Instalación, organización y similares",
5010408,7238,OTROS COSTOS DE PRODUCCIÓN,IVA que se carga al costo o gasto,
5010408,7241,OTROS COSTOS DE PRODUCCIÓN,Servicios públicos,
5010408,7247,OTROS COSTOS DE PRODUCCIÓN,Otros,
50105,,COSTOS DE CONTRATOS DE CONSTRUCCIONES,,
5010501,7247,COSTOS DE ACUERDO A PORCENTAJES O GRADOS DE TERMINACIÓN,Otros,
502,,GASTOS,,
50201,,GASTOS DE VENTA,,
5020101,7041,"SUELDOS, SALARIOS Y DEMÁS REMUNERACIONES","Sueldos, salarios y demás remuneraciones que constituyen materia gravada del iess",
5020102,7047,APORTES A LA SEGURIDAD SOCIAL (INCLUIDO FONDO DE RESERVA),Aporte a la seguridad social (incluye fondo de reserva),
5020103,7044,BENEFICIOS SOCIALES E INDEMNIZACIONES,"Beneficios sociales, indemnizaciones y otras remuneraciones que no constituyen materia gravada del IESS",
5020104,7056,GASTO PLANES DE BENEFICIOS A EMPLEADOS,Jubilación patronal,
5020104,7059,GASTO PLANES DE BENEFICIOS A EMPLEADOS,Desahucio,
5020105,7050,"HONORARIOS, COMISIONES Y DIETAS A PERSONAS NATURALES",Honorarios profesionales y dietas,
5020106,7062,REMUNERACIONES A OTROS TRABAJADORES AUTÓNOMOS,Otros,
5020107,7053,HONORARIOS A EXTRANJEROS POR SERVICIOS OCASIONALES,Honorarios y otros pagos a no residentes por servicios ocasionales,
5020108,7197,MANTENIMIENTO Y REPARACIONES,Mantenimiento y reparaciones,
5020109,7188,ARRENDAMIENTO,Arrendamientos operativos,
5020110,7248,COMISIONES,Otros,
5020111,7173,PROMOCIÓN Y PUBLICIDAD,Promoción y publicidad,
5020112,7179,COMBUSTIBLES,Consumo de combustibles y lubricantes,
5020113,7248,LUBRICANTES,,
5020114,7203,SEGUROS Y REASEGUROS (PRIMAS Y CESIONES),Seguros y reaseguros (primas y cesiones),
5020115,7176,TRANSPORTE,Transporte,
5020116,7185,"GASTOS DE GESTIÓN (AGASAJOS A ACCIONISTAS, TRABAJADORES Y CLIENTES)",Gastos de gestión,
5020117,7182,GASTOS DE VIAJE,Gastos de viaje,
5020118,7248,"AGUA, ENERGÍA, LUZ, Y TELECOMUNICACIONES",Otros,
5020119,7248,NOTARIOS Y REGISTRADORES DE LA PROPIEDAD O MERCANTILES,Otros,
5020120,,DEPRECIACIONES:,,
502012001,7065,"PROPIEDADES, PLANTA Y EQUIPO",Acelerada,
502012001,7068,"PROPIEDADES, PLANTA Y EQUIPO",No acelerada,
502012001,7077,"PROPIEDADES, PLANTA Y EQUIPO","Propiedades, planta y equipo Revaluado",
502012001,7074,"PROPIEDADES, PLANTA Y EQUIPO","Del costo histórico de activos para exploración, evaluación y explotación de recursos minerales",
502012001,7083,"PROPIEDADES, PLANTA Y EQUIPO","Activos para exploración, evaluación y explotación de recursos minerales",
502012001,7089,"PROPIEDADES, PLANTA Y EQUIPO",Revaluacion De Activos Biológicos,
502012002,7071,PROPIEDADES DE INVERSIÓN,Del costo histórico de propiedades de inversión,
502012002,7080,PROPIEDADES DE INVERSIÓN,Propiedades de inversión,
502012003,7092,ACTIVOS POR DERECHO DE USO,Otras depreciaciones,
5020121,,AMORTIZACIONES,,
502012101,7095,INTANGIBLES,Del costo histórico de Activos Intangibles,
502012101,7101,INTANGIBLES,Reavaluo Activos intangibles,
502012102,7098,OTROS ACTIVOS,Del costo histórico de activos para la exploración evaluación y explotación de recursos minerales,
502012102,7104,OTROS ACTIVOS,Activos para la exploración. Evaluación y explotación de recursos minerales,
5020122,,GASTO DETERIORO,,
502012201,7125,"PROPIEDADES, PLANTA Y EQUIPO","De propiedades, planta y equipo",
502012202,7116,INVENTARIOS,De inventarios,
502012203,7137,INSTRUMENTOS FINANCIEROS,De inversiones no corrientes,
502012204,7128,INTANGIBLES,De activos intangibles,
502012205,7113,CUENTAS POR COBRAR,De activos financieros (de provisiones para créditos incobrables),
502012206,7119,OTROS ACTIVOS,De activos no corrientes mantenidos para la venta,
502012206,7122,OTROS ACTIVOS,De activos biológicos,
502012206,7131,OTROS ACTIVOS,De propiedades de inversión,
502012206,7134,OTROS ACTIVOS,"De activos de exploración, evaluación y explotación de recursos minerales",
502012207,7140,DERECHOS DE USO POR ACTIVOS ARRENDADOS,Otras,
5020123,,GASTOS POR CANTIDADES ANORMALES DE UTILIZACION EN EL PROCESO DE PRODUCCIÓN:,,
502012301,7248,MANO DE OBRA,Otros,
502012302,7248,MATERIALES,Otros,
502012303,7248,COSTOS DE PRODUCCION,Otros,
5020124,7248,GASTO POR REESTRUCTURACION,Otros,
5020125,7248,VALOR NETO DE REALIZACION DE INVENTARIOS,Otros,
5020126,889,GASTO IMPUESTO A LA RENTA (ACTIVOS Y PASIVOS DIFERIDOS),Gasto (ingreso) por impuesto a la renta diferido,
5020127,7191,SUMINISTROS Y MATERIALES,"Suministros, herramientas, materiales y repuestos",
5020128,7143,OTROS GASTOS,Por garantías,GASTOS DE PROVISIONES
5020128,7146,OTROS GASTOS,Por desmantelamientos,
5020128,7149,OTROS GASTOS,Por contratos onerosos,
5020128,7152,OTROS GASTOS,Por reestructuraciones de negocios,
5020128,7155,OTROS GASTOS,Por reembolsos a clientes,
5020128,7158,OTROS GASTOS,Por litigios,
5020128,7161,OTROS GASTOS,Por pasivos contingentes asumidos en una combinación de negocios,
5020128,7164,OTROS GASTOS,Otros,
5020128,7167,OTROS GASTOS,Relacionadas,PÉRDIDA EN VENTA DE ACTIVOS FIJOS
5020128,7170,OTROS GASTOS,No relacionadas,PÉRDIDA EN VENTA DE ACTIVOS FIJOS
5020128,7194,OTROS GASTOS,Pérdida en la enajenación de derechos representativos de capital,
5020128,7200,OTROS GASTOS,Mermas,
5020128,7206,OTROS GASTOS,Gastos indirectos asignados desde el exterior por partes relacionadas,
5020128,7209,OTROS GASTOS,"Impuestos, contribuciones y otros",
5020128,7212,OTROS GASTOS,Local,COMISIONES Y SIMILARES (DIFERENTES DE LAS COMISIONES POR OPERACIONES FINANCIERAS)
5020128,7215,OTROS GASTOS,Del exterior,RELACIONADAS
5020128,7218,OTROS GASTOS,Local,NO RELACIONADAS
5020128,7221,OTROS GASTOS,Del exterior,NO RELACIONADAS
5020128,7224,OTROS GASTOS,Local,"OPERACIONES DE REGALÍAS, SERVICIOS TÉCNICOS. ADMINISTRATIVOS, DE CONSULTARÍA Y SIMILARES"
5020128,7227,OTROS GASTOS,Del exterior,RELACIONADAS
5020128,7230,OTROS GASTOS,Local,NO RELACIONADAS
5020128,7233,OTROS GASTOS,Del exterior,NO RELACIONADAS
5020128,7236,OTROS GASTOS,"Instalación, organización y similares",
5020128,7239,OTROS GASTOS,IVA que se carga al costo o gasto,
5020128,7242,OTROS GASTOS,Servicios públicos,
5020128,7245,OTROS GASTOS,Pérdidas por siniestros,
5020128,7248,OTROS GASTOS,Otros,
50202,,GASTOS ADMINISTRATIVOS,,
5020201,7041,"SUELDOS, SALARIOS Y DEMÁS REMUNERACIONES","Sueldos, salarios y demás remuneraciones que constituyen materia gravada del iess",
5020202,7047,APORTES A LA SEGURIDAD SOCIAL (INCLUIDO FONDO DE RESERVA),Aporte a la seguridad social (incluye fondo de reserva),
5020203,7044,BENEFICIOS SOCIALES E INDEMNIZACIONES,"Beneficios sociales, indemnizaciones y otras remuneraciones que no constituyen materia gravada del IESS",
5020204,7056,GASTO PLANES DE BENEFICIOS A EMPLEADOS,Jubilación patronal,
5020204,7059,GASTO PLANES DE BENEFICIOS A EMPLEADOS,Desahucio,
5020205,7050,"HONORARIOS, COMISIONES Y DIETAS A PERSONAS NATURALES",Honorarios profesionales y dietas,
5020206,7062,REMUNERACIONES A OTROS TRABAJADORES AUTÓNOMOS,Otros,
5020207,7053,HONORARIOS A EXTRANJEROS POR SERVICIOS OCASIONALES,Honorarios y otros pagos a no residentes por servicios ocasionales,
5020208,7197,MANTENIMIENTO Y REPARACIONES,Mantenimiento y reparaciones,
5020209,7188,ARRENDAMIENTO,Arrendamientos operativos,
5020210,7248,COMISIONES,Otros,
5020211,7173,PROMOCIÓN Y PUBLICIDAD,Promoción y publicidad,
5020212,7179,COMBUSTIBLES,Consumo de combustibles y lubricantes,
5020213,7248,LUBRICANTES,,
5020214,7203,SEGUROS Y REASEGUROS (PRIMAS Y CESIONES),Seguros y reaseguros (primas y cesiones),
5020215,7176,TRANSPORTE,Transporte,
5020216,7185,"GASTOS DE GESTIÓN (AGASAJOS A ACCIONISTAS, TRABAJADORES Y CLIENTES)",Gastos de gestión,
5020217,7182,GASTOS DE VIAJE,Gastos de viaje,
5020218,7248,"AGUA, ENERGÍA, LUZ, Y TELECOMUNICACIONES",Otros,
5020219,7248,NOTARIOS Y REGISTRADORES DE LA PROPIEDAD O MERCANTILES,Otros,
5020220,7248,"IMPUESTOS, CONTRIBUCIONES Y OTROS",Otros,
5020221,,DEPRECIACIONES,,
502022101,7065,"PROPIEDADES, PLANTA Y EQUIPO",Acelerada,
502022101,7068,"PROPIEDADES, PLANTA Y EQUIPO",No acelerada,
502022101,7077,"PROPIEDADES, PLANTA Y EQUIPO","Propiedades, planta y equipo Revaluado",
502022101,7074,"PROPIEDADES, PLANTA Y EQUIPO","Del costo histórico de activos para exploración, evaluación y explotación de recursos minerales",
502022101,7083,"PROPIEDADES, PLANTA Y EQUIPO","Activos para exploración, evaluación y explotación de recursos minerales",
502022101,7089,"PROPIEDADES, PLANTA Y EQUIPO",Revaluacion De Activos Biológicos,
502022102,7071,PROPIEDADES DE INVERSIÓN,Del costo histórico de propiedades de inversión,
502022102,7080,PROPIEDADES DE INVERSIÓN,Propiedades de inversión,
502022103,7092,ACTIVOS POR DERECHO DE USO,Otras depreciaciones,
502022103,7654,ACTIVOS POR DERECHO DE USO,De derecho de uso por activos arrendados,
5020222,,AMORTIZACIONES,,
502022201,7095,INTANGIBLES,Del costo histórico de Activos Intangibles,
502022201,7101,INTANGIBLES,Reavaluo Activos intangibles,
502022202,7098,OTROS ACTIVOS,Del costo histórico de activos para la exploración evaluación y explotación de recursos minerales,
502022202,7104,OTROS ACTIVOS,Activos para la exploración. Evaluación y explotación de recursos minerales,
5020223,,GASTO DETERIORO:,,
502022301,7125,"PROPIEDADES, PLANTA Y EQUIPO","De propiedades, planta y equipo",
502022302,7116,INVENTARIOS,De inventarios,
502022303,7137,INSTRUMENTOS FINANCIEROS,De inversiones no corrientes,
502022304,7128,INTANGIBLES,De activos intangibles,
502022305,7113,CUENTAS POR COBRAR,De activos financieros (de provisiones para créditos incobrables),
502022306,7119,OTROS ACTIVOS,De activos no corrientes mantenidos para la venta,
502022306,7122,OTROS ACTIVOS,De activos biológicos,
502022306,7131,OTROS ACTIVOS,De propiedades de inversión,
502022306,7134,OTROS ACTIVOS,"De activos de exploración, evaluación y explotación de recursos minerales",
502022307,7140,DERECHOS DE USO POR ACTIVOS ARRENDADOS,Otras,
5020224,,GASTOS POR CANTIDADES ANORMALES DE UTILIZACION EN EL PROCESO DE PRODUCCIÓN,,
502022401,7248,MANO DE OBRA,Otros,
502022402,7248,MATERIALES,Otros,
502022403,7248,COSTOS DE PRODUCCION,Otros,
5020225,7248,GASTO POR REESTRUCTURACION,Otros,
5020226,7248,VALOR NETO DE REALIZACION DE INVENTARIOS,Otros,
5020227,889,GASTO IMPUESTO A LA RENTA (ACTIVOS Y PASIVOS DIFERIDOS),Gasto (ingreso) por impuesto a la renta diferido,
5020228,7191,SUMINISTROS Y MATERIALES,"Suministros, herramientas, materiales y repuestos",
5020229,7143,OTROS GASTOS,Por garantías,GASTOS DE PROVISIONES
5020229,7146,OTROS GASTOS,Por desmantelamientos,
5020229,7149,OTROS GASTOS,Por contratos onerosos,
5020229,7152,OTROS GASTOS,Por reestructuraciones de negocios,
5020229,7155,OTROS GASTOS,Por reembolsos a clientes,
5020229,7158,OTROS GASTOS,Por litigios,
5020229,7161,OTROS GASTOS,Por pasivos contingentes asumidos en una combinación de negocios,
5020229,7164,OTROS GASTOS,Otros,
5020229,7167,OTROS GASTOS,Relacionadas,PÉRDIDA EN VENTA DE ACTIVOS FIJOS
5020229,7170,OTROS GASTOS,No relacionadas,PÉRDIDA EN VENTA DE ACTIVOS FIJOS
5020229,7194,OTROS GASTOS,Pérdida en la enajenación de derechos representativos de capital,
5020229,7200,OTROS GASTOS,Mermas,
5020229,7206,OTROS GASTOS,Gastos indirectos asignados desde el exterior por partes relacionadas,
5020229,7209,OTROS GASTOS,"Impuestos, contribuciones y otros",
5020229,7212,OTROS GASTOS,Local,COMISIONES Y SIMILARES (DIFERENTES DE LAS COMISIONES POR OPERACIONES FINANCIERAS)
5020229,7215,OTROS GASTOS,Del exterior,RELACIONADAS
5020229,7218,OTROS GASTOS,Local,NO RELACIONADAS
5020229,7221,OTROS GASTOS,Del exterior,NO RELACIONADAS
5020229,7224,OTROS GASTOS,Local,"OPERACIONES DE REGALÍAS, SERVICIOS TÉCNICOS. ADMINISTRATIVOS, DE CONSULTARÍA Y SIMILARES"
5020229,7227,OTROS GASTOS,Del exterior,RELACIONADAS
5020229,7230,OTROS GASTOS,Local,NO RELACIONADAS
5020229,7233,OTROS GASTOS,Del exterior,NO RELACIONADAS
5020229,7236,OTROS GASTOS,"Instalación, organización y similares",
5020229,7239,OTROS GASTOS,IVA que se carga al costo o gasto,
5020229,7242,OTROS GASTOS,Servicios públicos,
5020229,7245,OTROS GASTOS,Pérdidas por siniestros,
5020229,7248,OTROS GASTOS,Otros,
50203,,GASTOS FINANCIEROS,,
5020301,,INTERESES,,
502030101,7275,INTERESES POR PRESTAMOS,Local,INTERESES CON INSTITUCIONES FINANCIERAS
502030101,7278,INTERESES POR PRESTAMOS,Del exterior,RELACIONADAS
502030101,7281,INTERESES POR PRESTAMOS,Local,NO RELACIONADAS
502030101,7284,INTERESES POR PRESTAMOS,Del exterior,NO RELACIONADAS
502030102,7251,INTERESES POR ARRENDAMIENTOS,Local,ARRENDAMIENTO MERCANTIL
502030102,7254,INTERESES POR ARRENDAMIENTOS,Del exterior,RELACIONADAS
502030102,7257,INTERESES POR ARRENDAMIENTOS,Local,NO RELACIONADAS
502030102,7260,INTERESES POR ARRENDAMIENTOS,Local,NO RELACIONADAS
502030103,7311,INTERESES POR VALORES EMITIDOS,Otros,
502030104,7287,OTROS INTERESES,Local,INTERESES PAGADOS A TERCEROS
502030104,7290,OTROS INTERESES,Del exterior,RELACIONADAS
502030104,7293,OTROS INTERESES,Local,NO RELACIONADAS
502030104,7296,OTROS INTERESES,Del exterior,NO RELACIONADAS
502030104,7792,OTROS INTERESES,INTERESES DEL PASIVO POR ARRENDAMIENTO,
5020302,,COMISIONES,,
502030201,7311,COMISIONES PAGADAS POR INTERMEDIACIÓN DE VALORES:,Otros,
50203020101,7311,POR OPERACIONES BURSATILES,Otros,
50203020103,7311,POR CONTRATOS DE UNDERWRITING,Otros,
50203020104,7263,POR COMISIÓN EN OPERACIONES,Local,"COSTOS DE TRANSACCIÓN (COMISIONES BANCARIAS, HONORARIOS, TASAS, ENTRE OTROS)"
50203020104,7266,POR COMISIÓN EN OPERACIONES,Del exterior,RELACIONADAS
50203020104,7269,POR COMISIÓN EN OPERACIONES,Local,NO RELACIONADAS
50203020104,7272,POR COMISIÓN EN OPERACIONES,Del exterior,NO RELACIONADAS
50203020105,7311,POR INSCRIPCIONES,Otros,
50203020106,7311,POR MANTENIMIENTO DE INSCRIPCIÓN,Otros,
5020303,,POR PRESTACIÓN DE SERVICIOS DE ADMINISTRACIÓN Y MANEJO,,
502030301,7311,PORTAFOLIO DE TERCEROS,Otros,
502030302,7311,FONDOS ADMINISTRADOS,Otros,
502030303,7311,FONDOS COLECTIVOS,Otros,
502030304,7311,TITULARIZACIÓN,Otros,
502030305,7311,FIDEICOMISOS MERCANTILES,Otros,
502030306,7311,ENCARGOS FIDUCIARIOS,Otros,
502030307,7311,POR CALIFICACION DE RIESGO,Otros,
502030308,7311,POR REPRESENTACION DE OBLIGACIONISTAS,Otros,
5020304,,"CUSTODIA, REGISTRO, COMPENSACIÓN Y LIQUIDACIÓN",,
502030401,7311,CUSTODIA VALORES MATERIALIZADOS,Otros,
502030402,7311,CUSTODIA VALORES DESMATERIALIZADOS,Otros,
502030403,7311,COMPENSACIÓN Y LIQUIDACIÓN DE VALORES,Otros,
502030404,7311,OTROS,Otros,
5020305,,GASTOS POR SERVICIOS DE ASESORIA Y ESTRUCTURACION,,
502030501,7311,POR ASESORÍA,Otros,
502030502,7311,POR ESTRUCTURACIÓN DE OFERTA PÚBLICA DE VALORES,Otros,
502030503,7311,POR ESTRUCTURACIÓN DE NEGOCIOS FIDUCIARIOS,Otros,
502030504,7311,OTROS,Otros,
5020306,7311,GASTOS DE FINANCIAMIENTO DE ACTIVOS,,
5020307,7311,DIFERENCIA EN CAMBIO,Otros,
5020308,7311,VALUACION DE INSTRUMENTOS FINANCIEROS A VALOR RAZONABLE CON CAMBIO EN RESULTADOS,Otros,
5020309,7311,PERDIDA EN VENTA DE TITULOS VALORES,Otros,
5020310,7311,"PERDIDA EN VENTA DE PROPIEDAD, PLANTA Y EQUIPO",Otros,
5020311,7311,PERDIDA EN VENTA DE ACTIVOS BIOLOGICOS,Otros,
5020312,7299,OTROS GASTOS FINANCIEROS,Reversiones del descuento de provisiones que fueron reconocidas a su valor presente,
5020312,7302,OTROS GASTOS FINANCIEROS,Intereses implícitos devengados por acuerdos que constituyen efectivamente una transacción financiera o pago diferido,
50204,,OTROS GASTOS,,
5020401,7308,PERDIDA EN INVERSIONES EN ASOCIADAS / SUBSIDIARIAS Y OTRAS,Pérdidas por medición de inversiones en asociadas y negocios conjuntos al método de la participación (valor patrimonial proporcional),
5020402,7311,OTROS,Otros,
600,,GANANCIA (PÉRDIDA) ANTES DE 15% A TRABAJADORES E IMPUESTO A LA RENTA DE OPERACIONES CONTINUADAS,,
601,803,15% PARTICIPACIÓN TRABAJADORES,,
602,,GANANCIA (PÉRDIDA) ANTES DE IMPUESTOS,,
603,888,IMPUESTO A LA RENTA CAUSADO,,
604,,GANANCIA (PÉRDIDA) DE OPERACIONES CONTINUADAS ANTES DEL IMPUESTO DIFERIDO,,
605,889,(-) GASTO POR IMPUESTO DIFERIDO,,
606,889,(+) INGRESO POR IMPUESTO DIFERIDO,,
607,,GANANCIA (PERDIDA) DE OPERACIONES CONTINUADAS,,
700,,INGRESOS POR OPERACIONES DISCONTINUADAS,,
701,,GASTOS POR OPERACIONES DISCONTINUADAS,,
702,,"GANANCIA (PÉRDIDA) ANTES DE 15% A TRABAJADORES E IMPUESTO A LA RENTA DE OPERACIONES
DISCONTINUADAS",,
703,,15% PARTICIPACIÓN TRABAJADORES,,
704,,GANANCIA (PÉRDIDA) ANTES DE IMPUESTOS DE OPERACIONES DISCONTINUADAS,,
705,,IMPUESTO A LA RENTA CAUSADO,,
706,,GANANCIA (PÉRDIDA) DE OPERACIONES DISCONTINUADAS,,
707,,GANANCIA (PÉRDIDA) NETA DEL PERIODO,,
800,,OTRO RESULTADO INTEGRAL,,
80001,,COMPONENTES DEL OTRO RESULTADO INTEGRAL,,
80002,,DIFERENCIA DE CAMBIO POR CONVERSIÓN,,
80003,,VALUACIÓN DE ACTIVOS FINANCIEROS A VALOR RAZONABLE CON CAMBIO EN OTRO RESULTADO INTEGRAL,,
80004,,"GANANCIAS POR REVALUACIÓN DE PROPIEDADES, PLANTA  Y EQUIPO",,
80005,,GANANCIAS (PÉRDIDAS) ACTUARIALES POR PLANES DE BENEFICIOS DEFINIDOS,,
80006,,REVERSION DEL DETERIORO (PÉRDIDA POR DETERIORO) DE UN ACTIVO REVALUADO,,
80007,,PARTICIPACION DE OTRO RESULTADO INTEGRAL DE ASOCIADAS,,
80008,,IMPUESTO SOBRE LAS GANANCIAS RELATIVO A OTRO RESULTADO INTEGRAL,,
80009,,OTROS (DETALLAR EN NOTAS),,
801,,RESULTADO INTEGRAL TOTAL DEL AÑO,,
80101,,PROPIETARIOS DE LA CONTROLADORA,,
80102,,PARTICIPACION NO CONTROLADORA (INFORMATIVO),,
